study_accession	sample_accession	secondary_sample_accession	experiment_accession	run_accession	tax_id	scientific_name	instrument_model	library_layout	fastq_ftp	fastq_galaxy	submitted_ftp	submitted_galaxy	sra_ftp	sra_galaxy	cram_index_ftp	cram_index_galaxy
PRJEB9443	SAMEA3403109	ERS739159	ERX978689	ERR899270	10090	Mus musculus	Illumina HiSeq 2000	PAIRED	ftp.sra.ebi.ac.uk/vol1/fastq/ERR899/ERR899270/ERR899270_1.fastq.gz;ftp.sra.ebi.ac.uk/vol1/fastq/ERR899/ERR899270/ERR899270_2.fastq.gz	ftp.sra.ebi.ac.uk/vol1/fastq/ERR899/ERR899270/ERR899270_1.fastq.gz;ftp.sra.ebi.ac.uk/vol1/fastq/ERR899/ERR899270/ERR899270_2.fastq.gz	ftp.sra.ebi.ac.uk/vol1/run/ERR899/ERR899270/dna_stool_aIL10R_R3_1.fastq.gz;ftp.sra.ebi.ac.uk/vol1/run/ERR899/ERR899270/dna_stool_aIL10R_R3_2.fastq.gz	ftp.sra.ebi.ac.uk/vol1/run/ERR899/ERR899270/dna_stool_aIL10R_R3_1.fastq.gz;ftp.sra.ebi.ac.uk/vol1/run/ERR899/ERR899270/dna_stool_aIL10R_R3_2.fastq.gz	ftp.sra.ebi.ac.uk/vol1/err/ERR899/ERR899270	ftp.sra.ebi.ac.uk/vol1/err/ERR899/ERR899270		
PRJEB9443	SAMEA3403119	ERS739169	ERX978699	ERR899271	10090	Mus musculus	Illumina HiSeq 2000	PAIRED	ftp.sra.ebi.ac.uk/vol1/fastq/ERR899/ERR899271/ERR899271_1.fastq.gz;ftp.sra.ebi.ac.uk/vol1/fastq/ERR899/ERR899271/ERR899271_2.fastq.gz	ftp.sra.ebi.ac.uk/vol1/fastq/ERR899/ERR899271/ERR899271_1.fastq.gz;ftp.sra.ebi.ac.uk/vol1/fastq/ERR899/ERR899271/ERR899271_2.fastq.gz	ftp.sra.ebi.ac.uk/vol1/run/ERR899/ERR899271/dna_stool_aIL10R_R2_1.fastq.gz;ftp.sra.ebi.ac.uk/vol1/run/ERR899/ERR899271/dna_stool_aIL10R_R2_2.fastq.gz	ftp.sra.ebi.ac.uk/vol1/run/ERR899/ERR899271/dna_stool_aIL10R_R2_1.fastq.gz;ftp.sra.ebi.ac.uk/vol1/run/ERR899/ERR899271/dna_stool_aIL10R_R2_2.fastq.gz	ftp.sra.ebi.ac.uk/vol1/err/ERR899/ERR899271	ftp.sra.ebi.ac.uk/vol1/err/ERR899/ERR899271		
PRJEB9443	SAMEA3403124	ERS739174	ERX978704	ERR899272	10090	Mus musculus	Illumina HiSeq 2500	PAIRED	ftp.sra.ebi.ac.uk/vol1/fastq/ERR899/ERR899272/ERR899272_1.fastq.gz;ftp.sra.ebi.ac.uk/vol1/fastq/ERR899/ERR899272/ERR899272_2.fastq.gz	ftp.sra.ebi.ac.uk/vol1/fastq/ERR899/ERR899272/ERR899272_1.fastq.gz;ftp.sra.ebi.ac.uk/vol1/fastq/ERR899/ERR899272/ERR899272_2.fastq.gz	ftp.sra.ebi.ac.uk/vol1/run/ERR899/ERR899272/rna_stool_HhaIL10R_R2_1.fastq.gz;ftp.sra.ebi.ac.uk/vol1/run/ERR899/ERR899272/rna_stool_HhaIL10R_R2_2.fastq.gz	ftp.sra.ebi.ac.uk/vol1/run/ERR899/ERR899272/rna_stool_HhaIL10R_R2_1.fastq.gz;ftp.sra.ebi.ac.uk/vol1/run/ERR899/ERR899272/rna_stool_HhaIL10R_R2_2.fastq.gz	ftp.sra.ebi.ac.uk/vol1/err/ERR899/ERR899272	ftp.sra.ebi.ac.uk/vol1/err/ERR899/ERR899272		
PRJEB9443	SAMEA3403094	ERS739144	ERX978674	ERR899273	10090	Mus musculus	Illumina HiSeq 2500	PAIRED	ftp.sra.ebi.ac.uk/vol1/fastq/ERR899/ERR899273/ERR899273_1.fastq.gz;ftp.sra.ebi.ac.uk/vol1/fastq/ERR899/ERR899273/ERR899273_2.fastq.gz	ftp.sra.ebi.ac.uk/vol1/fastq/ERR899/ERR899273/ERR899273_1.fastq.gz;ftp.sra.ebi.ac.uk/vol1/fastq/ERR899/ERR899273/ERR899273_2.fastq.gz	ftp.sra.ebi.ac.uk/vol1/run/ERR899/ERR899273/rna_stool_ss_R4_1.fastq.gz;ftp.sra.ebi.ac.uk/vol1/run/ERR899/ERR899273/rna_stool_ss_R4_2.fastq.gz	ftp.sra.ebi.ac.uk/vol1/run/ERR899/ERR899273/rna_stool_ss_R4_1.fastq.gz;ftp.sra.ebi.ac.uk/vol1/run/ERR899/ERR899273/rna_stool_ss_R4_2.fastq.gz	ftp.sra.ebi.ac.uk/vol1/err/ERR899/ERR899273	ftp.sra.ebi.ac.uk/vol1/err/ERR899/ERR899273		
PRJEB9443	SAMEA3403120	ERS739170	ERX978700	ERR899274	10090	Mus musculus	Illumina HiSeq 2500	PAIRED	ftp.sra.ebi.ac.uk/vol1/fastq/ERR899/ERR899274/ERR899274_1.fastq.gz;ftp.sra.ebi.ac.uk/vol1/fastq/ERR899/ERR899274/ERR899274_2.fastq.gz	ftp.sra.ebi.ac.uk/vol1/fastq/ERR899/ERR899274/ERR899274_1.fastq.gz;ftp.sra.ebi.ac.uk/vol1/fastq/ERR899/ERR899274/ERR899274_2.fastq.gz	ftp.sra.ebi.ac.uk/vol1/run/ERR899/ERR899274/rna_stool_aIL10R_R2_1.fastq.gz;ftp.sra.ebi.ac.uk/vol1/run/ERR899/ERR899274/rna_stool_aIL10R_R2_2.fastq.gz	ftp.sra.ebi.ac.uk/vol1/run/ERR899/ERR899274/rna_stool_aIL10R_R2_1.fastq.gz;ftp.sra.ebi.ac.uk/vol1/run/ERR899/ERR899274/rna_stool_aIL10R_R2_2.fastq.gz	ftp.sra.ebi.ac.uk/vol1/err/ERR899/ERR899274	ftp.sra.ebi.ac.uk/vol1/err/ERR899/ERR899274		
PRJEB9443	SAMEA3403123	ERS739173	ERX978703	ERR899275	10090	Mus musculus	Illumina HiSeq 2500	PAIRED	ftp.sra.ebi.ac.uk/vol1/fastq/ERR899/ERR899275/ERR899275_1.fastq.gz;ftp.sra.ebi.ac.uk/vol1/fastq/ERR899/ERR899275/ERR899275_2.fastq.gz	ftp.sra.ebi.ac.uk/vol1/fastq/ERR899/ERR899275/ERR899275_1.fastq.gz;ftp.sra.ebi.ac.uk/vol1/fastq/ERR899/ERR899275/ERR899275_2.fastq.gz	ftp.sra.ebi.ac.uk/vol1/run/ERR899/ERR899275/rna_stool_aIL10R_R4_1.fastq.gz;ftp.sra.ebi.ac.uk/vol1/run/ERR899/ERR899275/rna_stool_aIL10R_R4_2.fastq.gz	ftp.sra.ebi.ac.uk/vol1/run/ERR899/ERR899275/rna_stool_aIL10R_R4_1.fastq.gz;ftp.sra.ebi.ac.uk/vol1/run/ERR899/ERR899275/rna_stool_aIL10R_R4_2.fastq.gz	ftp.sra.ebi.ac.uk/vol1/err/ERR899/ERR899275	ftp.sra.ebi.ac.uk/vol1/err/ERR899/ERR899275		
PRJEB9443	SAMEA3403110	ERS739160	ERX978690	ERR899276	10090	Mus musculus	Illumina HiSeq 2500	PAIRED	ftp.sra.ebi.ac.uk/vol1/fastq/ERR899/ERR899276/ERR899276_1.fastq.gz;ftp.sra.ebi.ac.uk/vol1/fastq/ERR899/ERR899276/ERR899276_2.fastq.gz	ftp.sra.ebi.ac.uk/vol1/fastq/ERR899/ERR899276/ERR899276_1.fastq.gz;ftp.sra.ebi.ac.uk/vol1/fastq/ERR899/ERR899276/ERR899276_2.fastq.gz	ftp.sra.ebi.ac.uk/vol1/run/ERR899/ERR899276/rna_stool_ss_R3_1.fastq.gz;ftp.sra.ebi.ac.uk/vol1/run/ERR899/ERR899276/rna_stool_ss_R3_2.fastq.gz	ftp.sra.ebi.ac.uk/vol1/run/ERR899/ERR899276/rna_stool_ss_R3_1.fastq.gz;ftp.sra.ebi.ac.uk/vol1/run/ERR899/ERR899276/rna_stool_ss_R3_2.fastq.gz	ftp.sra.ebi.ac.uk/vol1/err/ERR899/ERR899276	ftp.sra.ebi.ac.uk/vol1/err/ERR899/ERR899276		
PRJEB9443	SAMEA3403104	ERS739154	ERX978684	ERR899277	10090	Mus musculus	Illumina HiSeq 2000	PAIRED	ftp.sra.ebi.ac.uk/vol1/fastq/ERR899/ERR899277/ERR899277_1.fastq.gz;ftp.sra.ebi.ac.uk/vol1/fastq/ERR899/ERR899277/ERR899277_2.fastq.gz	ftp.sra.ebi.ac.uk/vol1/fastq/ERR899/ERR899277/ERR899277_1.fastq.gz;ftp.sra.ebi.ac.uk/vol1/fastq/ERR899/ERR899277/ERR899277_2.fastq.gz	ftp.sra.ebi.ac.uk/vol1/run/ERR899/ERR899277/dna_stool_Hh_R2_1.fastq.gz;ftp.sra.ebi.ac.uk/vol1/run/ERR899/ERR899277/dna_stool_Hh_R2_2.fastq.gz	ftp.sra.ebi.ac.uk/vol1/run/ERR899/ERR899277/dna_stool_Hh_R2_1.fastq.gz;ftp.sra.ebi.ac.uk/vol1/run/ERR899/ERR899277/dna_stool_Hh_R2_2.fastq.gz	ftp.sra.ebi.ac.uk/vol1/err/ERR899/ERR899277	ftp.sra.ebi.ac.uk/vol1/err/ERR899/ERR899277		
PRJEB9443	SAMEA3403100	ERS739150	ERX978680	ERR899278	10090	Mus musculus	Illumina HiSeq 2000	PAIRED	ftp.sra.ebi.ac.uk/vol1/fastq/ERR899/ERR899278/ERR899278_1.fastq.gz;ftp.sra.ebi.ac.uk/vol1/fastq/ERR899/ERR899278/ERR899278_2.fastq.gz	ftp.sra.ebi.ac.uk/vol1/fastq/ERR899/ERR899278/ERR899278_1.fastq.gz;ftp.sra.ebi.ac.uk/vol1/fastq/ERR899/ERR899278/ERR899278_2.fastq.gz	ftp.sra.ebi.ac.uk/vol1/run/ERR899/ERR899278/dna_stool_aIL10R_R1_1.fastq.gz;ftp.sra.ebi.ac.uk/vol1/run/ERR899/ERR899278/dna_stool_aIL10R_R1_2.fastq.gz	ftp.sra.ebi.ac.uk/vol1/run/ERR899/ERR899278/dna_stool_aIL10R_R1_1.fastq.gz;ftp.sra.ebi.ac.uk/vol1/run/ERR899/ERR899278/dna_stool_aIL10R_R1_2.fastq.gz	ftp.sra.ebi.ac.uk/vol1/err/ERR899/ERR899278	ftp.sra.ebi.ac.uk/vol1/err/ERR899/ERR899278		
PRJEB9443	SAMEA3403112	ERS739162	ERX978692	ERR899279	10090	Mus musculus	Illumina HiSeq 2500	PAIRED	ftp.sra.ebi.ac.uk/vol1/fastq/ERR899/ERR899279/ERR899279_1.fastq.gz;ftp.sra.ebi.ac.uk/vol1/fastq/ERR899/ERR899279/ERR899279_2.fastq.gz	ftp.sra.ebi.ac.uk/vol1/fastq/ERR899/ERR899279/ERR899279_1.fastq.gz;ftp.sra.ebi.ac.uk/vol1/fastq/ERR899/ERR899279/ERR899279_2.fastq.gz	ftp.sra.ebi.ac.uk/vol1/run/ERR899/ERR899279/rna_stool_Hh_R1_1.fastq.gz;ftp.sra.ebi.ac.uk/vol1/run/ERR899/ERR899279/rna_stool_Hh_R1_2.fastq.gz	ftp.sra.ebi.ac.uk/vol1/run/ERR899/ERR899279/rna_stool_Hh_R1_1.fastq.gz;ftp.sra.ebi.ac.uk/vol1/run/ERR899/ERR899279/rna_stool_Hh_R1_2.fastq.gz	ftp.sra.ebi.ac.uk/vol1/err/ERR899/ERR899279	ftp.sra.ebi.ac.uk/vol1/err/ERR899/ERR899279		
PRJEB9443	SAMEA3403113	ERS739163	ERX978693	ERR899280	10090	Mus musculus	Illumina HiSeq 2000	PAIRED	ftp.sra.ebi.ac.uk/vol1/fastq/ERR899/ERR899280/ERR899280_1.fastq.gz;ftp.sra.ebi.ac.uk/vol1/fastq/ERR899/ERR899280/ERR899280_2.fastq.gz	ftp.sra.ebi.ac.uk/vol1/fastq/ERR899/ERR899280/ERR899280_1.fastq.gz;ftp.sra.ebi.ac.uk/vol1/fastq/ERR899/ERR899280/ERR899280_2.fastq.gz	ftp.sra.ebi.ac.uk/vol1/run/ERR899/ERR899280/dna_stool_ss_R3_1.fastq.gz;ftp.sra.ebi.ac.uk/vol1/run/ERR899/ERR899280/dna_stool_ss_R3_2.fastq.gz	ftp.sra.ebi.ac.uk/vol1/run/ERR899/ERR899280/dna_stool_ss_R3_1.fastq.gz;ftp.sra.ebi.ac.uk/vol1/run/ERR899/ERR899280/dna_stool_ss_R3_2.fastq.gz	ftp.sra.ebi.ac.uk/vol1/err/ERR899/ERR899280	ftp.sra.ebi.ac.uk/vol1/err/ERR899/ERR899280		
PRJEB9443	SAMEA3403105	ERS739155	ERX978685	ERR899281	10090	Mus musculus	Illumina HiSeq 2000	PAIRED	ftp.sra.ebi.ac.uk/vol1/fastq/ERR899/ERR899281/ERR899281_1.fastq.gz;ftp.sra.ebi.ac.uk/vol1/fastq/ERR899/ERR899281/ERR899281_2.fastq.gz	ftp.sra.ebi.ac.uk/vol1/fastq/ERR899/ERR899281/ERR899281_1.fastq.gz;ftp.sra.ebi.ac.uk/vol1/fastq/ERR899/ERR899281/ERR899281_2.fastq.gz	ftp.sra.ebi.ac.uk/vol1/run/ERR899/ERR899281/dna_stool_ss_R1_1.fastq.gz;ftp.sra.ebi.ac.uk/vol1/run/ERR899/ERR899281/dna_stool_ss_R1_2.fastq.gz	ftp.sra.ebi.ac.uk/vol1/run/ERR899/ERR899281/dna_stool_ss_R1_1.fastq.gz;ftp.sra.ebi.ac.uk/vol1/run/ERR899/ERR899281/dna_stool_ss_R1_2.fastq.gz	ftp.sra.ebi.ac.uk/vol1/err/ERR899/ERR899281	ftp.sra.ebi.ac.uk/vol1/err/ERR899/ERR899281		
PRJEB9443	SAMEA3403102	ERS739152	ERX978682	ERR899282	10090	Mus musculus	Illumina HiSeq 2000	PAIRED	ftp.sra.ebi.ac.uk/vol1/fastq/ERR899/ERR899282/ERR899282_1.fastq.gz;ftp.sra.ebi.ac.uk/vol1/fastq/ERR899/ERR899282/ERR899282_2.fastq.gz	ftp.sra.ebi.ac.uk/vol1/fastq/ERR899/ERR899282/ERR899282_1.fastq.gz;ftp.sra.ebi.ac.uk/vol1/fastq/ERR899/ERR899282/ERR899282_2.fastq.gz	ftp.sra.ebi.ac.uk/vol1/run/ERR899/ERR899282/dna_stool_Hh_R3_1.fastq.gz;ftp.sra.ebi.ac.uk/vol1/run/ERR899/ERR899282/dna_stool_Hh_R3_2.fastq.gz	ftp.sra.ebi.ac.uk/vol1/run/ERR899/ERR899282/dna_stool_Hh_R3_1.fastq.gz;ftp.sra.ebi.ac.uk/vol1/run/ERR899/ERR899282/dna_stool_Hh_R3_2.fastq.gz	ftp.sra.ebi.ac.uk/vol1/err/ERR899/ERR899282	ftp.sra.ebi.ac.uk/vol1/err/ERR899/ERR899282		
PRJEB9443	SAMEA3403122	ERS739172	ERX978702	ERR899283	10090	Mus musculus	Illumina HiSeq 2500	PAIRED	ftp.sra.ebi.ac.uk/vol1/fastq/ERR899/ERR899283/ERR899283_1.fastq.gz;ftp.sra.ebi.ac.uk/vol1/fastq/ERR899/ERR899283/ERR899283_2.fastq.gz	ftp.sra.ebi.ac.uk/vol1/fastq/ERR899/ERR899283/ERR899283_1.fastq.gz;ftp.sra.ebi.ac.uk/vol1/fastq/ERR899/ERR899283/ERR899283_2.fastq.gz	ftp.sra.ebi.ac.uk/vol1/run/ERR899/ERR899283/rna_stool_Hh_R4_1.fastq.gz;ftp.sra.ebi.ac.uk/vol1/run/ERR899/ERR899283/rna_stool_Hh_R4_2.fastq.gz	ftp.sra.ebi.ac.uk/vol1/run/ERR899/ERR899283/rna_stool_Hh_R4_1.fastq.gz;ftp.sra.ebi.ac.uk/vol1/run/ERR899/ERR899283/rna_stool_Hh_R4_2.fastq.gz	ftp.sra.ebi.ac.uk/vol1/err/ERR899/ERR899283	ftp.sra.ebi.ac.uk/vol1/err/ERR899/ERR899283		
PRJEB9443	SAMEA3403114	ERS739164	ERX978694	ERR899284	10090	Mus musculus	Illumina HiSeq 2000	PAIRED	ftp.sra.ebi.ac.uk/vol1/fastq/ERR899/ERR899284/ERR899284_1.fastq.gz;ftp.sra.ebi.ac.uk/vol1/fastq/ERR899/ERR899284/ERR899284_2.fastq.gz	ftp.sra.ebi.ac.uk/vol1/fastq/ERR899/ERR899284/ERR899284_1.fastq.gz;ftp.sra.ebi.ac.uk/vol1/fastq/ERR899/ERR899284/ERR899284_2.fastq.gz	ftp.sra.ebi.ac.uk/vol1/run/ERR899/ERR899284/dna_stool_ss_R4_1.fastq.gz;ftp.sra.ebi.ac.uk/vol1/run/ERR899/ERR899284/dna_stool_ss_R4_2.fastq.gz	ftp.sra.ebi.ac.uk/vol1/run/ERR899/ERR899284/dna_stool_ss_R4_1.fastq.gz;ftp.sra.ebi.ac.uk/vol1/run/ERR899/ERR899284/dna_stool_ss_R4_2.fastq.gz	ftp.sra.ebi.ac.uk/vol1/err/ERR899/ERR899284	ftp.sra.ebi.ac.uk/vol1/err/ERR899/ERR899284		
PRJEB9443	SAMEA3403106	ERS739156	ERX978686	ERR899285	10090	Mus musculus	Illumina HiSeq 2500	PAIRED	ftp.sra.ebi.ac.uk/vol1/fastq/ERR899/ERR899285/ERR899285_1.fastq.gz;ftp.sra.ebi.ac.uk/vol1/fastq/ERR899/ERR899285/ERR899285_2.fastq.gz	ftp.sra.ebi.ac.uk/vol1/fastq/ERR899/ERR899285/ERR899285_1.fastq.gz;ftp.sra.ebi.ac.uk/vol1/fastq/ERR899/ERR899285/ERR899285_2.fastq.gz	ftp.sra.ebi.ac.uk/vol1/run/ERR899/ERR899285/rna_stool_ss_R1_1.fastq.gz;ftp.sra.ebi.ac.uk/vol1/run/ERR899/ERR899285/rna_stool_ss_R1_2.fastq.gz	ftp.sra.ebi.ac.uk/vol1/run/ERR899/ERR899285/rna_stool_ss_R1_1.fastq.gz;ftp.sra.ebi.ac.uk/vol1/run/ERR899/ERR899285/rna_stool_ss_R1_2.fastq.gz	ftp.sra.ebi.ac.uk/vol1/err/ERR899/ERR899285	ftp.sra.ebi.ac.uk/vol1/err/ERR899/ERR899285		
PRJEB9443	SAMEA3403101	ERS739151	ERX978681	ERR899286	10090	Mus musculus	Illumina HiSeq 2000	PAIRED	ftp.sra.ebi.ac.uk/vol1/fastq/ERR899/ERR899286/ERR899286_1.fastq.gz;ftp.sra.ebi.ac.uk/vol1/fastq/ERR899/ERR899286/ERR899286_2.fastq.gz	ftp.sra.ebi.ac.uk/vol1/fastq/ERR899/ERR899286/ERR899286_1.fastq.gz;ftp.sra.ebi.ac.uk/vol1/fastq/ERR899/ERR899286/ERR899286_2.fastq.gz	ftp.sra.ebi.ac.uk/vol1/run/ERR899/ERR899286/dna_stool_HhaIL10R_R3_1.fastq.gz;ftp.sra.ebi.ac.uk/vol1/run/ERR899/ERR899286/dna_stool_HhaIL10R_R3_2.fastq.gz	ftp.sra.ebi.ac.uk/vol1/run/ERR899/ERR899286/dna_stool_HhaIL10R_R3_1.fastq.gz;ftp.sra.ebi.ac.uk/vol1/run/ERR899/ERR899286/dna_stool_HhaIL10R_R3_2.fastq.gz	ftp.sra.ebi.ac.uk/vol1/err/ERR899/ERR899286	ftp.sra.ebi.ac.uk/vol1/err/ERR899/ERR899286		
PRJEB9443	SAMEA3403096	ERS739146	ERX978676	ERR899287	10090	Mus musculus	Illumina HiSeq 2500	PAIRED	ftp.sra.ebi.ac.uk/vol1/fastq/ERR899/ERR899287/ERR899287_1.fastq.gz;ftp.sra.ebi.ac.uk/vol1/fastq/ERR899/ERR899287/ERR899287_2.fastq.gz	ftp.sra.ebi.ac.uk/vol1/fastq/ERR899/ERR899287/ERR899287_1.fastq.gz;ftp.sra.ebi.ac.uk/vol1/fastq/ERR899/ERR899287/ERR899287_2.fastq.gz	ftp.sra.ebi.ac.uk/vol1/run/ERR899/ERR899287/rna_stool_HhaIL10R_R3_1.fastq.gz;ftp.sra.ebi.ac.uk/vol1/run/ERR899/ERR899287/rna_stool_HhaIL10R_R3_2.fastq.gz	ftp.sra.ebi.ac.uk/vol1/run/ERR899/ERR899287/rna_stool_HhaIL10R_R3_1.fastq.gz;ftp.sra.ebi.ac.uk/vol1/run/ERR899/ERR899287/rna_stool_HhaIL10R_R3_2.fastq.gz	ftp.sra.ebi.ac.uk/vol1/err/ERR899/ERR899287	ftp.sra.ebi.ac.uk/vol1/err/ERR899/ERR899287		
PRJEB9443	SAMEA3403118	ERS739168	ERX978698	ERR899288	10090	Mus musculus	Illumina HiSeq 2500	PAIRED	ftp.sra.ebi.ac.uk/vol1/fastq/ERR899/ERR899288/ERR899288_1.fastq.gz;ftp.sra.ebi.ac.uk/vol1/fastq/ERR899/ERR899288/ERR899288_2.fastq.gz	ftp.sra.ebi.ac.uk/vol1/fastq/ERR899/ERR899288/ERR899288_1.fastq.gz;ftp.sra.ebi.ac.uk/vol1/fastq/ERR899/ERR899288/ERR899288_2.fastq.gz	ftp.sra.ebi.ac.uk/vol1/run/ERR899/ERR899288/rna_stool_HhaIL10R_R4_1.fastq.gz;ftp.sra.ebi.ac.uk/vol1/run/ERR899/ERR899288/rna_stool_HhaIL10R_R4_2.fastq.gz	ftp.sra.ebi.ac.uk/vol1/run/ERR899/ERR899288/rna_stool_HhaIL10R_R4_1.fastq.gz;ftp.sra.ebi.ac.uk/vol1/run/ERR899/ERR899288/rna_stool_HhaIL10R_R4_2.fastq.gz	ftp.sra.ebi.ac.uk/vol1/err/ERR899/ERR899288	ftp.sra.ebi.ac.uk/vol1/err/ERR899/ERR899288		
PRJEB9443	SAMEA3403093	ERS739143	ERX978673	ERR899289	10090	Mus musculus	Illumina HiSeq 2000	PAIRED	ftp.sra.ebi.ac.uk/vol1/fastq/ERR899/ERR899289/ERR899289_1.fastq.gz;ftp.sra.ebi.ac.uk/vol1/fastq/ERR899/ERR899289/ERR899289_2.fastq.gz	ftp.sra.ebi.ac.uk/vol1/fastq/ERR899/ERR899289/ERR899289_1.fastq.gz;ftp.sra.ebi.ac.uk/vol1/fastq/ERR899/ERR899289/ERR899289_2.fastq.gz	ftp.sra.ebi.ac.uk/vol1/run/ERR899/ERR899289/dna_stool_HhaIL10R_R4_1.fastq.gz;ftp.sra.ebi.ac.uk/vol1/run/ERR899/ERR899289/dna_stool_HhaIL10R_R4_2.fastq.gz	ftp.sra.ebi.ac.uk/vol1/run/ERR899/ERR899289/dna_stool_HhaIL10R_R4_1.fastq.gz;ftp.sra.ebi.ac.uk/vol1/run/ERR899/ERR899289/dna_stool_HhaIL10R_R4_2.fastq.gz	ftp.sra.ebi.ac.uk/vol1/err/ERR899/ERR899289	ftp.sra.ebi.ac.uk/vol1/err/ERR899/ERR899289		
PRJEB9443	SAMEA3403121	ERS739171	ERX978701	ERR899290	10090	Mus musculus	Illumina HiSeq 2000	PAIRED	ftp.sra.ebi.ac.uk/vol1/fastq/ERR899/ERR899290/ERR899290_1.fastq.gz;ftp.sra.ebi.ac.uk/vol1/fastq/ERR899/ERR899290/ERR899290_2.fastq.gz	ftp.sra.ebi.ac.uk/vol1/fastq/ERR899/ERR899290/ERR899290_1.fastq.gz;ftp.sra.ebi.ac.uk/vol1/fastq/ERR899/ERR899290/ERR899290_2.fastq.gz	ftp.sra.ebi.ac.uk/vol1/run/ERR899/ERR899290/dna_stool_Hh_R4_1.fastq.gz;ftp.sra.ebi.ac.uk/vol1/run/ERR899/ERR899290/dna_stool_Hh_R4_2.fastq.gz	ftp.sra.ebi.ac.uk/vol1/run/ERR899/ERR899290/dna_stool_Hh_R4_1.fastq.gz;ftp.sra.ebi.ac.uk/vol1/run/ERR899/ERR899290/dna_stool_Hh_R4_2.fastq.gz	ftp.sra.ebi.ac.uk/vol1/err/ERR899/ERR899290	ftp.sra.ebi.ac.uk/vol1/err/ERR899/ERR899290		
PRJEB9443	SAMEA3403117	ERS739167	ERX978697	ERR899291	10090	Mus musculus	Illumina HiSeq 2000	PAIRED	ftp.sra.ebi.ac.uk/vol1/fastq/ERR899/ERR899291/ERR899291_1.fastq.gz;ftp.sra.ebi.ac.uk/vol1/fastq/ERR899/ERR899291/ERR899291_2.fastq.gz	ftp.sra.ebi.ac.uk/vol1/fastq/ERR899/ERR899291/ERR899291_1.fastq.gz;ftp.sra.ebi.ac.uk/vol1/fastq/ERR899/ERR899291/ERR899291_2.fastq.gz	ftp.sra.ebi.ac.uk/vol1/run/ERR899/ERR899291/dna_stool_Hh_R1_1.fastq.gz;ftp.sra.ebi.ac.uk/vol1/run/ERR899/ERR899291/dna_stool_Hh_R1_2.fastq.gz	ftp.sra.ebi.ac.uk/vol1/run/ERR899/ERR899291/dna_stool_Hh_R1_1.fastq.gz;ftp.sra.ebi.ac.uk/vol1/run/ERR899/ERR899291/dna_stool_Hh_R1_2.fastq.gz	ftp.sra.ebi.ac.uk/vol1/err/ERR899/ERR899291	ftp.sra.ebi.ac.uk/vol1/err/ERR899/ERR899291		
PRJEB9443	SAMEA3403097	ERS739147	ERX978677	ERR899292	10090	Mus musculus	Illumina HiSeq 2000	PAIRED	ftp.sra.ebi.ac.uk/vol1/fastq/ERR899/ERR899292/ERR899292_1.fastq.gz;ftp.sra.ebi.ac.uk/vol1/fastq/ERR899/ERR899292/ERR899292_2.fastq.gz	ftp.sra.ebi.ac.uk/vol1/fastq/ERR899/ERR899292/ERR899292_1.fastq.gz;ftp.sra.ebi.ac.uk/vol1/fastq/ERR899/ERR899292/ERR899292_2.fastq.gz	ftp.sra.ebi.ac.uk/vol1/run/ERR899/ERR899292/dna_stool_ss_R2_1.fastq.gz;ftp.sra.ebi.ac.uk/vol1/run/ERR899/ERR899292/dna_stool_ss_R2_2.fastq.gz	ftp.sra.ebi.ac.uk/vol1/run/ERR899/ERR899292/dna_stool_ss_R2_1.fastq.gz;ftp.sra.ebi.ac.uk/vol1/run/ERR899/ERR899292/dna_stool_ss_R2_2.fastq.gz	ftp.sra.ebi.ac.uk/vol1/err/ERR899/ERR899292	ftp.sra.ebi.ac.uk/vol1/err/ERR899/ERR899292		
PRJEB9443	SAMEA3403116	ERS739166	ERX978696	ERR899293	10090	Mus musculus	Illumina HiSeq 2000	PAIRED	ftp.sra.ebi.ac.uk/vol1/fastq/ERR899/ERR899293/ERR899293_1.fastq.gz;ftp.sra.ebi.ac.uk/vol1/fastq/ERR899/ERR899293/ERR899293_2.fastq.gz	ftp.sra.ebi.ac.uk/vol1/fastq/ERR899/ERR899293/ERR899293_1.fastq.gz;ftp.sra.ebi.ac.uk/vol1/fastq/ERR899/ERR899293/ERR899293_2.fastq.gz	ftp.sra.ebi.ac.uk/vol1/run/ERR899/ERR899293/dna_stool_aIL10R_R4_1.fastq.gz;ftp.sra.ebi.ac.uk/vol1/run/ERR899/ERR899293/dna_stool_aIL10R_R4_2.fastq.gz	ftp.sra.ebi.ac.uk/vol1/run/ERR899/ERR899293/dna_stool_aIL10R_R4_1.fastq.gz;ftp.sra.ebi.ac.uk/vol1/run/ERR899/ERR899293/dna_stool_aIL10R_R4_2.fastq.gz	ftp.sra.ebi.ac.uk/vol1/err/ERR899/ERR899293	ftp.sra.ebi.ac.uk/vol1/err/ERR899/ERR899293		
PRJEB9443	SAMEA3403099	ERS739149	ERX978679	ERR899294	10090	Mus musculus	Illumina HiSeq 2500	PAIRED	ftp.sra.ebi.ac.uk/vol1/fastq/ERR899/ERR899294/ERR899294_1.fastq.gz;ftp.sra.ebi.ac.uk/vol1/fastq/ERR899/ERR899294/ERR899294_2.fastq.gz	ftp.sra.ebi.ac.uk/vol1/fastq/ERR899/ERR899294/ERR899294_1.fastq.gz;ftp.sra.ebi.ac.uk/vol1/fastq/ERR899/ERR899294/ERR899294_2.fastq.gz	ftp.sra.ebi.ac.uk/vol1/run/ERR899/ERR899294/rna_stool_ss_R2_1.fastq.gz;ftp.sra.ebi.ac.uk/vol1/run/ERR899/ERR899294/rna_stool_ss_R2_2.fastq.gz	ftp.sra.ebi.ac.uk/vol1/run/ERR899/ERR899294/rna_stool_ss_R2_1.fastq.gz;ftp.sra.ebi.ac.uk/vol1/run/ERR899/ERR899294/rna_stool_ss_R2_2.fastq.gz	ftp.sra.ebi.ac.uk/vol1/err/ERR899/ERR899294	ftp.sra.ebi.ac.uk/vol1/err/ERR899/ERR899294		
PRJEB9443	SAMEA3403111	ERS739161	ERX978691	ERR899295	10090	Mus musculus	Illumina HiSeq 2500	PAIRED	ftp.sra.ebi.ac.uk/vol1/fastq/ERR899/ERR899295/ERR899295_1.fastq.gz;ftp.sra.ebi.ac.uk/vol1/fastq/ERR899/ERR899295/ERR899295_2.fastq.gz	ftp.sra.ebi.ac.uk/vol1/fastq/ERR899/ERR899295/ERR899295_1.fastq.gz;ftp.sra.ebi.ac.uk/vol1/fastq/ERR899/ERR899295/ERR899295_2.fastq.gz	ftp.sra.ebi.ac.uk/vol1/run/ERR899/ERR899295/rna_stool_HhaIL10R_R1_1.fastq.gz;ftp.sra.ebi.ac.uk/vol1/run/ERR899/ERR899295/rna_stool_HhaIL10R_R1_2.fastq.gz	ftp.sra.ebi.ac.uk/vol1/run/ERR899/ERR899295/rna_stool_HhaIL10R_R1_1.fastq.gz;ftp.sra.ebi.ac.uk/vol1/run/ERR899/ERR899295/rna_stool_HhaIL10R_R1_2.fastq.gz	ftp.sra.ebi.ac.uk/vol1/err/ERR899/ERR899295	ftp.sra.ebi.ac.uk/vol1/err/ERR899/ERR899295		
PRJEB9443	SAMEA3403095	ERS739145	ERX978675	ERR899296	10090	Mus musculus	Illumina HiSeq 2500	PAIRED	ftp.sra.ebi.ac.uk/vol1/fastq/ERR899/ERR899296/ERR899296_1.fastq.gz;ftp.sra.ebi.ac.uk/vol1/fastq/ERR899/ERR899296/ERR899296_2.fastq.gz	ftp.sra.ebi.ac.uk/vol1/fastq/ERR899/ERR899296/ERR899296_1.fastq.gz;ftp.sra.ebi.ac.uk/vol1/fastq/ERR899/ERR899296/ERR899296_2.fastq.gz	ftp.sra.ebi.ac.uk/vol1/run/ERR899/ERR899296/rna_stool_aIL10R_R3_1.fastq.gz;ftp.sra.ebi.ac.uk/vol1/run/ERR899/ERR899296/rna_stool_aIL10R_R3_2.fastq.gz	ftp.sra.ebi.ac.uk/vol1/run/ERR899/ERR899296/rna_stool_aIL10R_R3_1.fastq.gz;ftp.sra.ebi.ac.uk/vol1/run/ERR899/ERR899296/rna_stool_aIL10R_R3_2.fastq.gz	ftp.sra.ebi.ac.uk/vol1/err/ERR899/ERR899296	ftp.sra.ebi.ac.uk/vol1/err/ERR899/ERR899296		
PRJEB9443	SAMEA3403115	ERS739165	ERX978695	ERR899297	10090	Mus musculus	Illumina HiSeq 2500	PAIRED	ftp.sra.ebi.ac.uk/vol1/fastq/ERR899/ERR899297/ERR899297_1.fastq.gz;ftp.sra.ebi.ac.uk/vol1/fastq/ERR899/ERR899297/ERR899297_2.fastq.gz	ftp.sra.ebi.ac.uk/vol1/fastq/ERR899/ERR899297/ERR899297_1.fastq.gz;ftp.sra.ebi.ac.uk/vol1/fastq/ERR899/ERR899297/ERR899297_2.fastq.gz	ftp.sra.ebi.ac.uk/vol1/run/ERR899/ERR899297/rna_stool_aIL10R_R1_1.fastq.gz;ftp.sra.ebi.ac.uk/vol1/run/ERR899/ERR899297/rna_stool_aIL10R_R1_2.fastq.gz	ftp.sra.ebi.ac.uk/vol1/run/ERR899/ERR899297/rna_stool_aIL10R_R1_1.fastq.gz;ftp.sra.ebi.ac.uk/vol1/run/ERR899/ERR899297/rna_stool_aIL10R_R1_2.fastq.gz	ftp.sra.ebi.ac.uk/vol1/err/ERR899/ERR899297	ftp.sra.ebi.ac.uk/vol1/err/ERR899/ERR899297		
PRJEB9443	SAMEA3403098	ERS739148	ERX978678	ERR899298	10090	Mus musculus	Illumina HiSeq 2500	PAIRED	ftp.sra.ebi.ac.uk/vol1/fastq/ERR899/ERR899298/ERR899298_1.fastq.gz;ftp.sra.ebi.ac.uk/vol1/fastq/ERR899/ERR899298/ERR899298_2.fastq.gz	ftp.sra.ebi.ac.uk/vol1/fastq/ERR899/ERR899298/ERR899298_1.fastq.gz;ftp.sra.ebi.ac.uk/vol1/fastq/ERR899/ERR899298/ERR899298_2.fastq.gz	ftp.sra.ebi.ac.uk/vol1/run/ERR899/ERR899298/rna_stool_Hh_R2_1.fastq.gz;ftp.sra.ebi.ac.uk/vol1/run/ERR899/ERR899298/rna_stool_Hh_R2_2.fastq.gz	ftp.sra.ebi.ac.uk/vol1/run/ERR899/ERR899298/rna_stool_Hh_R2_1.fastq.gz;ftp.sra.ebi.ac.uk/vol1/run/ERR899/ERR899298/rna_stool_Hh_R2_2.fastq.gz	ftp.sra.ebi.ac.uk/vol1/err/ERR899/ERR899298	ftp.sra.ebi.ac.uk/vol1/err/ERR899/ERR899298		
PRJEB9443	SAMEA3403103	ERS739153	ERX978683	ERR899299	10090	Mus musculus	Illumina HiSeq 2500	PAIRED	ftp.sra.ebi.ac.uk/vol1/fastq/ERR899/ERR899299/ERR899299_1.fastq.gz;ftp.sra.ebi.ac.uk/vol1/fastq/ERR899/ERR899299/ERR899299_2.fastq.gz	ftp.sra.ebi.ac.uk/vol1/fastq/ERR899/ERR899299/ERR899299_1.fastq.gz;ftp.sra.ebi.ac.uk/vol1/fastq/ERR899/ERR899299/ERR899299_2.fastq.gz	ftp.sra.ebi.ac.uk/vol1/run/ERR899/ERR899299/rna_stool_Hh_R3_1.fastq.gz;ftp.sra.ebi.ac.uk/vol1/run/ERR899/ERR899299/rna_stool_Hh_R3_2.fastq.gz	ftp.sra.ebi.ac.uk/vol1/run/ERR899/ERR899299/rna_stool_Hh_R3_1.fastq.gz;ftp.sra.ebi.ac.uk/vol1/run/ERR899/ERR899299/rna_stool_Hh_R3_2.fastq.gz	ftp.sra.ebi.ac.uk/vol1/err/ERR899/ERR899299	ftp.sra.ebi.ac.uk/vol1/err/ERR899/ERR899299		
PRJEB9443	SAMEA3403108	ERS739158	ERX978688	ERR899300	10090	Mus musculus	Illumina HiSeq 2000	PAIRED	ftp.sra.ebi.ac.uk/vol1/fastq/ERR899/ERR899300/ERR899300_1.fastq.gz;ftp.sra.ebi.ac.uk/vol1/fastq/ERR899/ERR899300/ERR899300_2.fastq.gz	ftp.sra.ebi.ac.uk/vol1/fastq/ERR899/ERR899300/ERR899300_1.fastq.gz;ftp.sra.ebi.ac.uk/vol1/fastq/ERR899/ERR899300/ERR899300_2.fastq.gz	ftp.sra.ebi.ac.uk/vol1/run/ERR899/ERR899300/dna_stool_HhaIL10R_R2_1.fastq.gz;ftp.sra.ebi.ac.uk/vol1/run/ERR899/ERR899300/dna_stool_HhaIL10R_R2_2.fastq.gz	ftp.sra.ebi.ac.uk/vol1/run/ERR899/ERR899300/dna_stool_HhaIL10R_R2_1.fastq.gz;ftp.sra.ebi.ac.uk/vol1/run/ERR899/ERR899300/dna_stool_HhaIL10R_R2_2.fastq.gz	ftp.sra.ebi.ac.uk/vol1/err/ERR899/ERR899300	ftp.sra.ebi.ac.uk/vol1/err/ERR899/ERR899300		
PRJEB9443	SAMEA3403107	ERS739157	ERX978687	ERR899301	10090	Mus musculus	Illumina HiSeq 2000	PAIRED	ftp.sra.ebi.ac.uk/vol1/fastq/ERR899/ERR899301/ERR899301_1.fastq.gz;ftp.sra.ebi.ac.uk/vol1/fastq/ERR899/ERR899301/ERR899301_2.fastq.gz	ftp.sra.ebi.ac.uk/vol1/fastq/ERR899/ERR899301/ERR899301_1.fastq.gz;ftp.sra.ebi.ac.uk/vol1/fastq/ERR899/ERR899301/ERR899301_2.fastq.gz	ftp.sra.ebi.ac.uk/vol1/run/ERR899/ERR899301/dna_stool_HhaIL10R_R1_1.fastq.gz;ftp.sra.ebi.ac.uk/vol1/run/ERR899/ERR899301/dna_stool_HhaIL10R_R1_2.fastq.gz	ftp.sra.ebi.ac.uk/vol1/run/ERR899/ERR899301/dna_stool_HhaIL10R_R1_1.fastq.gz;ftp.sra.ebi.ac.uk/vol1/run/ERR899/ERR899301/dna_stool_HhaIL10R_R1_2.fastq.gz	ftp.sra.ebi.ac.uk/vol1/err/ERR899/ERR899301	ftp.sra.ebi.ac.uk/vol1/err/ERR899/ERR899301		
